{"training_loss": 2.33585262298584, "_timestamp": 1709292263.522762, "_runtime": 252.26250100135803, "_step": 1877, "test_loss": 2.31288017578125, "epoch": 1, "_wandb": {"runtime": 251}}